{"noiseKey":{"private":{"type":"Buffer","data":"CC1CZLw/VtHrYCmY6Ddo8oTVeUE91NYKoq8Wb8Wpok8="},"public":{"type":"Buffer","data":"HOnWU7mQo12/SsXlJNSdyNaIPfMhACLpQ58BTeJFtms="}},"pairingEphemeralKeyPair":{"private":{"type":"Buffer","data":"UPiVtDocmVEbCw2BvgCNv/YjVrFu7+rv476SyEg0CEk="},"public":{"type":"Buffer","data":"hhfYSxKJnnPuCxsACmjpi9zaghilP/IomzQwUiQ2X2g="}},"signedIdentityKey":{"private":{"type":"Buffer","data":"IHQJTaSX/6YQ1o0yKkeo6Lm5WPctnhcW54MpJvtLpFg="},"public":{"type":"Buffer","data":"2Z9MkfcVHQT7gEaXcom3kAJpmhHKAjCyrpi8KdRnxVk="}},"signedPreKey":{"keyPair":{"private":{"type":"Buffer","data":"MFwVNf7rOiExF4WRemrhg9aYqx0CgNazf+bpbJ2nfEA="},"public":{"type":"Buffer","data":"i8MWq6T23Cxrv6OeHbAXHQW5Igr1W6bUxD8D/PLf33g="}},"signature":{"type":"Buffer","data":"w/YvmuBSTHVAEfOcAjGAIQG1i0jW3vQobQ3CJnzPtmxCWsKEGT/ApDE966LUeT2hYYfOprCLFudSunzxH2ZwCA=="},"keyId":1},"registrationId":60,"advSecretKey":"lpyFTZ4X2vdFlvUr6ol0hkNoadX8WhpfCgIJ0953QIY=","processedHistoryMessages":[{"key":{"remoteJid":"6282128959137@s.whatsapp.net","fromMe":true,"id":"62F383D5E3B9A811B6FDA838CD10A94F"},"messageTimestamp":1733309939},{"key":{"remoteJid":"6282128959137@s.whatsapp.net","fromMe":true,"id":"2F6D3F9C363CF8BE9B0FA3D771E4F3EA"},"messageTimestamp":1733309942},{"key":{"remoteJid":"6282128959137@s.whatsapp.net","fromMe":true,"id":"0B435C4E255E3AE6827E77614CB3EC38"},"messageTimestamp":1733310009},{"key":{"remoteJid":"6282128959137@s.whatsapp.net","fromMe":true,"id":"E8BF120318CBE6752BFB9A3CD30A0449"},"messageTimestamp":1733310023},{"key":{"remoteJid":"6282128959137@s.whatsapp.net","fromMe":true,"id":"9F61B2949433D3563466BA77A472FA56"},"messageTimestamp":1733310023},{"key":{"remoteJid":"6282128959137@s.whatsapp.net","fromMe":true,"id":"31B7005103BC090F42C1C9B9E4CF2514"},"messageTimestamp":1733310045}],"nextPreKeyId":428,"firstUnuploadedPreKeyId":428,"accountSyncCounter":1,"accountSettings":{"unarchiveChats":false},"deviceId":"O56lgUFsSKameM10d9PfYw","phoneId":"56fa6fdb-91ad-4364-8df9-229f161f1be4","identityId":{"type":"Buffer","data":"3NxZP0N48DbI3AeL5ALi2fHMXfU="},"registered":true,"backupToken":{"type":"Buffer","data":"D0DpJzKxpfXw0Czhl50U4++82XY="},"registration":{},"pairingCode":"NQ5F7ZND","me":{"id":"6282128959137:10@s.whatsapp.net","name":"GTPS STATUS BOT","lid":"138096620384461:10@lid"},"account":{"details":"CKjO3PECEOzrwLoGGA0gACgA","accountSignatureKey":"HsmsxDcUWHqc7hkDXrJmfiBOdOJsGkNqAmAdk83mPxk=","accountSignature":"VCLsvKSMKvxTgYzBvadyqQkeKlg5NYhflxrmioiYv0tk0s0l/U3CU9INdx8Qml9vifsQSUwHhnchRS721zroCQ==","deviceSignature":"4P+7E/NDc4DSYQc5bW/xuYEOcSCcZY1L42Lopo9H83xadBXtZ8kalKcSaUbfLAUjXmlKWWC09lNgBEFn7qd/AA=="},"signalIdentities":[{"identifier":{"name":"6282128959137:10@s.whatsapp.net","deviceId":0},"identifierKey":{"type":"Buffer","data":"BR7JrMQ3FFh6nO4ZA16yZn4gTnTibBpDagJgHZPN5j8Z"}}],"platform":"smba","routingInfo":{"type":"Buffer","data":"CAUIAg=="},"lastAccountSyncTimestamp":1733310043,"myAppStateKeyId":"AAAAAL9p","lastPropHash":"TrDC9"}